{
	"info": {
		"_postman_id": "6b6ff70b-286a-4d0a-9f49-13bd8922640a",
		"name": "TaskBuddy",
		"schema": "https://schema.getpostman.com/json/collection/v2.1.0/collection.json",
		"_exporter_id": "30025563"
	},
	"item": [
		{
			"name": "Todos",
			"item": [
				{
					"name": "Get all Todos",
					"request": {
						"method": "GET",
						"header": [
							{
								"key": "Authorization",
								"value": "bearer {{Jwt}}",
								"type": "text"
							}
						],
						"url": {
							"raw": "{{base_URL}}/todos",
							"host": [
								"{{base_URL}}"
							],
							"path": [
								"todos"
							]
						}
					},
					"response": []
				},
				{
					"name": "Get a Todo",
					"request": {
						"method": "GET",
						"header": [
							{
								"key": "Authorization",
								"value": "bearer {{Jwt}}",
								"type": "text"
							}
						],
						"url": {
							"raw": "{{base_URL}}/todos/:id",
							"host": [
								"{{base_URL}}"
							],
							"path": [
								"todos",
								":id"
							],
							"variable": [
								{
									"key": "id",
									"value": "6582ba6a01400c2e481bb59e"
								}
							]
						}
					},
					"response": []
				},
				{
					"name": "Add new Todo",
					"request": {
						"method": "POST",
						"header": [
							{
								"key": "Authorization",
								"value": "bearer {{Jwt}}",
								"type": "text"
							}
						],
						"body": {
							"mode": "raw",
							"raw": "    {\n        \"title\": \"IAS banna hai!\",\n        \"description\": \"LABSNAA jana hai!\"\n    }",
							"options": {
								"raw": {
									"language": "json"
								}
							}
						},
						"url": {
							"raw": "{{base_URL}}/todos",
							"host": [
								"{{base_URL}}"
							],
							"path": [
								"todos"
							]
						}
					},
					"response": []
				},
				{
					"name": "New Request",
					"request": {
						"method": "PUT",
						"header": [
							{
								"key": "Authorization",
								"value": "bearer {{Jwt}}",
								"type": "text"
							}
						],
						"body": {
							"mode": "raw",
							"raw": "    {\n        \"title\": \"IAS banna hai!!!!!!!\",\n        \"description\": \"LABSNAA jana hai!\"\n    }",
							"options": {
								"raw": {
									"language": "json"
								}
							}
						},
						"url": {
							"raw": "{{base_URL}}/todos/:id",
							"host": [
								"{{base_URL}}"
							],
							"path": [
								"todos",
								":id"
							],
							"variable": [
								{
									"key": "id",
									"value": "6582ba6a01400c2e481bb59e"
								}
							]
						}
					},
					"response": []
				},
				{
					"name": "New Request",
					"request": {
						"method": "DELETE",
						"header": [
							{
								"key": "Authorization",
								"value": "bearer {{Jwt}}",
								"type": "text"
							}
						],
						"url": {
							"raw": "{{base_URL}}/todos/:id",
							"host": [
								"{{base_URL}}"
							],
							"path": [
								"todos",
								":id"
							],
							"variable": [
								{
									"key": "id",
									"value": "6582ba6a01400c2e481bb59e"
								}
							]
						}
					},
					"response": []
				},
				{
					"name": "Home HTML",
					"request": {
						"method": "GET",
						"header": [],
						"url": {
							"raw": "{{base_URL}}/",
							"host": [
								"{{base_URL}}"
							],
							"path": [
								""
							]
						}
					},
					"response": []
				}
			]
		},
		{
			"name": "User",
			"item": [
				{
					"name": "Get username",
					"request": {
						"method": "GET",
						"header": [
							{
								"key": "Authorization",
								"value": "bearer {{Jwt}}",
								"type": "text"
							}
						],
						"url": {
							"raw": "{{base_URL}}/user/me",
							"host": [
								"{{base_URL}}"
							],
							"path": [
								"user",
								"me"
							]
						}
					},
					"response": [
						{
							"name": "Get username",
							"originalRequest": {
								"method": "GET",
								"header": [
									{
										"key": "Authorization",
										"value": "bearer {{Jwt}}",
										"type": "text"
									}
								],
								"url": {
									"raw": "{{base_URL}}/user/me",
									"host": [
										"{{base_URL}}"
									],
									"path": [
										"user",
										"me"
									]
								}
							},
							"status": "OK",
							"code": 200,
							"_postman_previewlanguage": "json",
							"header": [
								{
									"key": "X-Powered-By",
									"value": "Express"
								},
								{
									"key": "Access-Control-Allow-Origin",
									"value": "*"
								},
								{
									"key": "Content-Type",
									"value": "application/json; charset=utf-8"
								},
								{
									"key": "Content-Length",
									"value": "31"
								},
								{
									"key": "ETag",
									"value": "W/\"1f-ytxk0JFL9A0hrTiwcOirbOrh+20\""
								},
								{
									"key": "Date",
									"value": "Sat, 13 Jan 2024 07:07:10 GMT"
								},
								{
									"key": "Connection",
									"value": "keep-alive"
								},
								{
									"key": "Keep-Alive",
									"value": "timeout=5"
								}
							],
							"cookie": [],
							"body": "{\n    \"username\": \"abhinav@user.com\"\n}"
						}
					]
				},
				{
					"name": "User Signup",
					"request": {
						"method": "POST",
						"header": [
							{
								"key": "",
								"value": "",
								"type": "text"
							}
						],
						"body": {
							"mode": "raw",
							"raw": "{\n    \"username\" : \"abhinav@user.com\",\n    \"password\" : \"123\"\n}",
							"options": {
								"raw": {
									"language": "json"
								}
							}
						},
						"url": {
							"raw": "{{base_URL}}/user/signup",
							"host": [
								"{{base_URL}}"
							],
							"path": [
								"user",
								"signup"
							],
							"query": [
								{
									"key": "",
									"value": null,
									"disabled": true
								}
							]
						}
					},
					"response": [
						{
							"name": "User Signup",
							"originalRequest": {
								"method": "POST",
								"header": [
									{
										"key": "",
										"value": "",
										"type": "text"
									}
								],
								"body": {
									"mode": "raw",
									"raw": "{\n    \"username\" : \"Richa@user.com\",\n    \"password\" : \"123\"\n}",
									"options": {
										"raw": {
											"language": "json"
										}
									}
								},
								"url": {
									"raw": "{{base_URL}}/user/signup",
									"host": [
										"{{base_URL}}"
									],
									"path": [
										"user",
										"signup"
									],
									"query": [
										{
											"key": "",
											"value": null,
											"disabled": true
										}
									]
								}
							},
							"status": "OK",
							"code": 200,
							"_postman_previewlanguage": "json",
							"header": [
								{
									"key": "X-Powered-By",
									"value": "Express"
								},
								{
									"key": "Access-Control-Allow-Origin",
									"value": "*"
								},
								{
									"key": "Content-Type",
									"value": "application/json; charset=utf-8"
								},
								{
									"key": "Content-Length",
									"value": "215"
								},
								{
									"key": "ETag",
									"value": "W/\"d7-douNuOC6ApxM2Lelga8ZMBIC/Ts\""
								},
								{
									"key": "Date",
									"value": "Sat, 13 Jan 2024 07:07:42 GMT"
								},
								{
									"key": "Connection",
									"value": "keep-alive"
								},
								{
									"key": "Keep-Alive",
									"value": "timeout=5"
								}
							],
							"cookie": [],
							"body": "{\n    \"message\": \"Signup successful!\",\n    \"token\": \"eyJhbGciOiJIUzI1NiIsInR5cCI6IkpXVCJ9.eyJfaWQiOiI2NWEyMzZiZWFiMDg4YzkyNDZmYzkzZGYiLCJpYXQiOjE3MDUxMjk2NjIsImV4cCI6MTcwNTEzMzI2Mn0.Y5cyqo-JlXiA_RwLgG8KvtFSHa9SW_L4ZLTev_xz5Ys\"\n}"
						}
					]
				},
				{
					"name": "User Login",
					"request": {
						"method": "POST",
						"header": [],
						"body": {
							"mode": "raw",
							"raw": "{\n    \"username\": \"abhinav@user.com\",\n    \"password\": \"123\"\n}",
							"options": {
								"raw": {
									"language": "json"
								}
							}
						},
						"url": {
							"raw": "{{base_URL}}/user/login",
							"host": [
								"{{base_URL}}"
							],
							"path": [
								"user",
								"login"
							]
						}
					},
					"response": [
						{
							"name": "User Login",
							"originalRequest": {
								"method": "POST",
								"header": [],
								"body": {
									"mode": "raw",
									"raw": "{\n    \"username\" : \"abhinav@user.com\",\n    \"password\" : \"123\"\n}",
									"options": {
										"raw": {
											"language": "json"
										}
									}
								},
								"url": {
									"raw": "{{base_URL}}/user/login",
									"host": [
										"{{base_URL}}"
									],
									"path": [
										"user",
										"login"
									]
								}
							},
							"status": "OK",
							"code": 200,
							"_postman_previewlanguage": "json",
							"header": [
								{
									"key": "X-Powered-By",
									"value": "Express"
								},
								{
									"key": "Access-Control-Allow-Origin",
									"value": "*"
								},
								{
									"key": "Content-Type",
									"value": "application/json; charset=utf-8"
								},
								{
									"key": "Content-Length",
									"value": "214"
								},
								{
									"key": "ETag",
									"value": "W/\"d6-UOdHI07K/7NtngLPEk5lg61pw/U\""
								},
								{
									"key": "Date",
									"value": "Sat, 13 Jan 2024 07:04:30 GMT"
								},
								{
									"key": "Connection",
									"value": "keep-alive"
								},
								{
									"key": "Keep-Alive",
									"value": "timeout=5"
								}
							],
							"cookie": [],
							"body": "{\n    \"message\": \"Login successful!\",\n    \"token\": \"eyJhbGciOiJIUzI1NiIsInR5cCI6IkpXVCJ9.eyJfaWQiOiI2NTgyYjk3YmQ1MzdlOTIwYzliMmRlODUiLCJpYXQiOjE3MDUxMjk0NzAsImV4cCI6MTcwNTEzMzA3MH0.DgVWzVfgvQGOfTNmlBMlPEVXglpoHkypoa_0_U9VRdU\"\n}"
						}
					]
				}
			]
		}
	],
	"variable": [
		{
			"key": "base_URL",
			"value": "http://localhost:3000"
		},
		{
			"key": "Jwt",
			"value": "eyJhbGciOiJIUzI1NiIsInR5cCI6IkpXVCJ9.eyJfaWQiOiI2NTgyYjk3YmQ1MzdlOTIwYzliMmRlODUiLCJpYXQiOjE3MDUxMjk0NzAsImV4cCI6MTcwNTEzMzA3MH0.DgVWzVfgvQGOfTNmlBMlPEVXglpoHkypoa_0_U9VRdU"
		}
	]
}